UTC	profile	sess	pid	route_ok	runtime_ready_ms	init_gap_ms	model_ms	total_ms	recv2end_ms	sess_KB	sess_lines	idle_s	seg
09-15 12:32:44	qoder	33e27ba4	88334	1	10757	11301	6746	19750	8449	0	0		2026-09-15T20-32-44-367+08-00-th3wra-p88334.jsonl
09-15 16:09:38	qoder	c80ebd8e	50038	0	6274					0	0		2026-09-16T00-09-38-067+08-00-mm2x2q-p50038.jsonl
09-15 16:09:38	qoder	33e27ba4	50038	1	8262	8948	7762	18393	9445	69	8	12994	2026-09-16T00-09-38-067+08-00-mm2x2q-p50038.jsonl
09-15 16:10:11	qoder	e0d3cb49	50999	0	3435					0	0		2026-09-16T00-10-11-244+08-00-suryw2-p50999.jsonl
09-15 16:10:11	qoder	33e27ba4	50999	1	5426	6077	8379	17087	11010	124	17	15	2026-09-16T00-10-11-244+08-00-suryw2-p50999.jsonl
09-15 16:13:23	qoder	33e27ba4	52674	1	5434	6383	15210	23267	16884	160	25	176	2026-09-16T00-13-23-879+08-00-9qr2ir-p52674.jsonl
09-15 16:13:23	qoder	a66d198a	52674	0	3442					0	0		2026-09-16T00-13-23-879+08-00-9qr2ir-p52674.jsonl
09-15 16:45:08	qoder	b3893dbb	61286	0	6500					0	0		2026-09-16T00-45-08-389+08-00-t67g65-p61286.jsonl
09-15 16:45:08	qoder	33e27ba4	61286	1	8497	9793	8914	20400	10607	209	33	1881	2026-09-16T00-45-08-389+08-00-t67g65-p61286.jsonl
09-15 16:48:22	qoder	d7cc7769	62833	0	3446					0	0		2026-09-16T00-48-22-148+08-00-7ka7m6-p62833.jsonl
09-15 16:48:22	qoder	33e27ba4	62833	1	5436	6066	7752	15283	9217	277	41	173	2026-09-16T00-48-22-148+08-00-7ka7m6-p62833.jsonl
09-15 16:48:58	qoder	b2453b93	63786	0	3443					0	0		2026-09-16T00-48-58-807+08-00-f7gbye-p63786.jsonl
09-15 16:48:58	qoder	33e27ba4	63786	1	5456	6078	9835	18268	12190	348	49	21	2026-09-16T00-48-58-807+08-00-f7gbye-p63786.jsonl
09-15 16:51:35	qoder	4dc65da6	64892	0	3449					0	0		2026-09-16T00-51-35-743+08-00-kncqxz-p64892.jsonl
09-15 16:51:35	qoder	33e27ba4	64892	1	5449	6390	9838	17842	11452	416	57	139	2026-09-16T00-51-35-743+08-00-kncqxz-p64892.jsonl
09-15 16:53:11	qoder	11289898	66206	1	3458					0	0		2026-09-16T00-53-11-885+08-00-jfyj2t-p66206.jsonl
09-15 16:54:50	qoder	17008736	66744	1	5456	5985	4460	12050	6065	0	0		2026-09-16T00-54-50-351+08-00-1e2kyg-p66744.jsonl
09-15 16:55:11	qoder	7d27a6ce	67422	1	5419	5924	3758	11298	5374	0	0		2026-09-16T00-55-11-504+08-00-cyquke-p67422.jsonl
09-15 17:19:37	qoder	79897ad6	75579	0	892					0	0		2026-09-16T01-19-37-149+08-00-nywlu4-p75579.jsonl
09-15 17:19:37	qoder	33e27ba4	75579	1	1856	2140	25785	28426	26286	452	65	1664	2026-09-16T01-19-37-149+08-00-nywlu4-p75579.jsonl
09-16 01:16:45	qoder	b62490aa	7113	0	971					0	0		2026-09-16T09-16-45-907+08-00-mfmcoi-p7113.jsonl
09-16 01:16:45	qoder	33e27ba4	7113	1	1869	2157	29409	32097	29940	515	73	28600	2026-09-16T09-16-45-907+08-00-mfmcoi-p7113.jsonl
09-16 03:58:16	qoder	ef274f01	86715	0	6139					0	0		2026-09-16T11-58-16-217+08-00-5zwy5o-p86715.jsonl
09-16 03:58:16	qoder	33e27ba4	86715	1	8132	9011	66076	76935	67924	554	81	9658	2026-09-16T11-58-16-217+08-00-5zwy5o-p86715.jsonl
09-16 06:26:36	qoder	a06547db	8540	1	9127	9762	71539	83384	73622	0	0		2026-09-16T14-26-36-276+08-00-vr7voq-p8540.jsonl
09-16 06:51:52	qoder	8eef6044	15561	0	6786					0	0		2026-09-16T14-51-52-641+08-00-36hprh-p15561.jsonl
09-16 06:51:52	qoder	33e27ba4	15561	1	8778	9634	58574	71652	62018	631	89	10339	2026-09-16T14-51-52-641+08-00-36hprh-p15561.jsonl
09-16 08:57:48	qoder	f399ca02	59909	0	5838					0	0		2026-09-16T16-57-48-522+08-00-xarzrz-p59909.jsonl
09-16 08:57:48	qoder	33e27ba4	59909	1	7829	9042	40021	50741	41699	704	97	7484	2026-09-16T16-57-48-522+08-00-xarzrz-p59909.jsonl
09-17 07:35:55	qoder	a06547db	49574	1	7822	8507				120	8	90476	2026-09-17T15-35-55-403+08-00-iq8ljc-p49574.jsonl
09-17 07:35:55	qoder	edf229f2	49574	0	5809					0	0		2026-09-17T15-35-55-403+08-00-iq8ljc-p49574.jsonl
09-17 10:24:26	qoder	ff16b58d	15041	1	10389	26452				0	0		2026-09-17T18-24-26-726+08-00-npi5mb-p15041.jsonl
09-17 17:22:12	qoder	b78305e1	30330	1	8908	9457	5710	16852	7395	0	0		2026-09-18T01-22-12-811+08-00-19rrs6-p30330.jsonl
09-17 17:39:51	qoder	3f13393f	32628	0	1928					0	0		2026-09-18T01-39-51-217+08-00-6ckv1m-p32628.jsonl
09-17 17:39:51	qoder	33e27ba4	32628	1	4175	955945				775	105	117672	2026-09-18T01-39-51-217+08-00-6ckv1m-p32628.jsonl
09-18 02:42:13	qoder	d99536e7	57766	1	10889	11434	5186	18281	6847	0	0		2026-09-18T10-42-13-675+08-00-3pxpci-p57766.jsonl
09-18 02:45:13	qoder	89a732da	59521	1	8353	8903	5031	15578	6675	0	0		2026-09-18T10-45-13-188+08-00-jbreyw-p59521.jsonl
09-18 02:47:00	qoder	be462e6d	61008	1	8411	8971	5530	16142	7171	0	0		2026-09-18T10-47-00-871+08-00-x6jwco-p61008.jsonl
09-18 02:59:11	qoder	26c7eac4	67479	1	7560	23690				0	0		2026-09-18T10-59-11-289+08-00-4ml7hp-p67479.jsonl
09-18 04:42:41	qoder	d196fd20	13437	1	3139	15870	23144	39640	23770	0	0		2026-09-18T12-42-41-888+08-00-5fpxub-p13437.jsonl
09-18 07:26:51	qoder	33e27ba4	62735	1	10074	26471	86017	144308	117837	955	116	49620	2026-09-18T15-26-51-147+08-00-afb7pc-p62735.jsonl
09-18 07:26:51	qoder	eab47339	62735	0	6009					0	0		2026-09-18T15-26-51-147+08-00-afb7pc-p62735.jsonl
09-18 07:29:28	qoder	33e27ba4	64799	1	5500	6228	18314	26472	20244	1152	141	13	2026-09-18T15-29-28-225+08-00-m81u6r-p64799.jsonl
09-18 07:29:28	qoder	22cbba4a	64799	0	3502					0	0		2026-09-18T15-29-28-225+08-00-m81u6r-p64799.jsonl
09-18 11:36:13	qoder-flash	2f9a82ae	33334	1	10348	14123	16573	32627	18504	0	0		2026-09-18T19-36-13-823+08-00-bkk8oy-p33334.jsonl
09-18 11:38:06	qoder-flash	2f9a82ae	35068	1	7576	11223	15026	635757	624534	78	12	80	2026-09-18T19-38-06-328+08-00-dt9zu9-p35068.jsonl
09-18 11:38:06	qoder-flash	e7161759	35068	0	3432					0	0		2026-09-18T19-38-06-328+08-00-dt9zu9-p35068.jsonl
09-18 12:02:00	qoder-flash	2c1fbffa	2317	0	6882					0	0		2026-09-18T20-02-00-573+08-00-oea1yo-p2317.jsonl
09-18 12:02:00	qoder-flash	2f9a82ae	2317	1	11485	16576	39172	135120	118544	463	146	798	2026-09-18T20-02-00-573+08-00-oea1yo-p2317.jsonl
09-18 12:18:36	qoder-flash	ebc2c0ba	77818	1	13265	14283	12925	29831	15548	0	0		2026-09-18T20-18-36-532+08-00-cm41d1-p77818.jsonl
09-18 12:24:04	qoder	8697e559	81924	1	11217	12236	11123	25566	13330	0	0		2026-09-18T20-24-04-734+08-00-kr2ish-p81924.jsonl
09-18 12:25:36	qoder-flash	ec1b7c0c	83645	0	3472					0	0		2026-09-18T20-25-36-187+08-00-mhs0jt-p83645.jsonl
09-18 12:25:36	qoder-flash	ebc2c0ba	83645	1	7669	8772	8947	20305	11533	38	9	390	2026-09-18T20-25-36-187+08-00-mhs0jt-p83645.jsonl
09-18 14:51:15	qoder	64de074e	14201	1	10958	18392	18900	111047	92655	0	0		2026-09-18T22-51-15-075+08-00-gen462-p14201.jsonl
09-19 06:30:27	qoder	c92aa51b	28705	0	6380					0	0		2026-09-19T14-30-27-564+08-00-av7p5c-p28705.jsonl
09-19 06:30:27	qoder	33e27ba4	28705	1	10648	23997	44886	90832	66835	1173	151	82833	2026-09-19T14-30-27-564+08-00-av7p5c-p28705.jsonl
09-19 06:32:00	qoder-flash	c24df6ce	30823	1	10810	22776	47652	94473	71697	0	0		2026-09-19T14-32-00-793+08-00-yngrra-p30823.jsonl
09-19 11:51:56	qoder	0c8afbe4	88918	1	3816	11329				0	0		2026-09-19T19-51-56-414+08-00-72uqaj-p88918.jsonl
09-19 11:53:52	qoder	5bb8ad18	90743	0	3856					0	0		2026-09-19T19-53-52-844+08-00-mtqtg8-p90743.jsonl
09-19 11:53:52	qoder	0c8afbe4	90743	1	9197	17959				169	9	116	2026-09-19T19-53-52-844+08-00-mtqtg8-p90743.jsonl
09-19 11:57:31	qoder	0c8afbe4	93796	1	6316	13756	49335	341535	327779	242	16	219	2026-09-19T19-57-31-740+08-00-a4gon9-p93796.jsonl
09-19 11:57:31	qoder	3d8fb500	93796	0	3840					0	0		2026-09-19T19-57-31-740+08-00-a4gon9-p93796.jsonl
09-19 11:58:04	qoder	9b0215ae	94912	0	4524					0	0		2026-09-19T19-58-04-435+08-00-euqj3u-p94912.jsonl
09-19 11:58:04	qoder	33e27ba4	94912	1	6762	28852	216474	273866	245014	1374	172	19566	2026-09-19T19-58-04-435+08-00-euqj3u-p94912.jsonl
09-19 12:12:22	qoder	0c8afbe4	2564	1	10632	18468	111865	335356	316888	511	109	549	2026-09-19T20-12-22-428+08-00-c1xt0k-p2564.jsonl
09-19 12:12:22	qoder	13e61d45	2564	0	6150					0	0		2026-09-19T20-12-22-428+08-00-c1xt0k-p2564.jsonl
09-19 12:35:18	qoder	0c8afbe4	7494	1	10993	18129	61041	743974	725845	791	204	1041	2026-09-19T20-35-18-297+08-00-ymetk2-p7494.jsonl
09-19 12:35:18	qoder	13d2ba3f	7494	0	6566					0	0		2026-09-19T20-35-18-297+08-00-ymetk2-p7494.jsonl
09-19 12:54:19	qoder	14c6a238	11670	0	1150					0	0		2026-09-19T20-54-19-646+08-00-imuy32-p11670.jsonl
09-19 12:54:19	qoder	0c8afbe4	11670	1	3499	10009	15792	951511	941502	1370	354	397	2026-09-19T20-54-19-646+08-00-imuy32-p11670.jsonl
09-19 13:20:32	qoder	0c8afbe4	18514	1	3740	10660	7609	401229	390569	2218	696	621	2026-09-19T21-20-32-164+08-00-31xv6z-p18514.jsonl
09-19 13:20:32	qoder	5b404745	18514	0	1274					0	0		2026-09-19T21-20-32-164+08-00-31xv6z-p18514.jsonl
09-19 13:38:23	qoder	24b0d51f	22789	0	1216					0	0		2026-09-19T21-38-23-621+08-00-bj90tc-p22789.jsonl
09-19 13:38:23	qoder	0c8afbe4	22789	1	3606	10497	18548	796179	785682	2885	921	670	2026-09-19T21-38-23-621+08-00-bj90tc-p22789.jsonl
09-19 14:00:14	qoder	0c8afbe4	28714	1	10994	18922	21550	900765	881843	3773	1265	515	2026-09-19T22-00-14-503+08-00-cw40y2-p28714.jsonl
09-19 14:00:14	qoder	c011d165	28714	0	6586					0	0		2026-09-19T22-00-14-503+08-00-cw40y2-p28714.jsonl
09-19 14:34:38	qoder-flash	2f9a82ae	38823	1	11566	19268	69482	163365	144097	643	183	95422	2026-09-19T22-34-38-144+08-00-piozg7-p38823.jsonl
09-19 14:34:38	qoder-flash	9b11178d	38823	0	7111					0	0		2026-09-19T22-34-38-144+08-00-piozg7-p38823.jsonl
09-19 14:41:40	qoder-flash	2f9a82ae	40961	1	8168	16225	38544	197465	181240	816	205	259	2026-09-19T22-41-40-049+08-00-oiknwx-p40961.jsonl
09-19 14:41:40	qoder-flash	e1118f4a	40961	0	3780					0	0		2026-09-19T22-41-40-049+08-00-oiknwx-p40961.jsonl
09-19 14:50:32	qoder-flash	2f9a82ae	42838	1	11534	18673	180193	1612586	1593913	1615	334	335	2026-09-19T22-50-32-157+08-00-29wuvo-p42838.jsonl
09-19 14:50:32	qoder-flash	da5f8fe0	42838	0	5951					0	0		2026-09-19T22-50-32-157+08-00-29wuvo-p42838.jsonl
09-19 15:19:13	qoder-flash	2f9a82ae	60784	1	12512	20030	70303	202741	182711	2902	696	108	2026-09-19T23-19-13-227+08-00-snm2ye-p60784.jsonl
09-19 15:19:13	qoder-flash	71234a0d	60784	0	8034					0	0		2026-09-19T23-19-13-227+08-00-snm2ye-p60784.jsonl
09-19 15:27:19	qoder-flash	202107ea	64003	0	3829					0	0		2026-09-19T23-27-19-382+08-00-cg6ito-p64003.jsonl
09-19 15:27:19	qoder-flash	2f9a82ae	64003	1	8982	16465	108367	1367159	1350694	3040	733	283	2026-09-19T23-27-19-382+08-00-cg6ito-p64003.jsonl
09-19 15:51:42	qoder-flash	2f9a82ae	68960	1	13195	20444	36763	135212	114768	4398	1022	96	2026-09-19T23-51-42-835+08-00-0jpeq4-p68960.jsonl
09-19 15:51:42	qoder-flash	d6760e70	68960	0	7871					0	0		2026-09-19T23-51-42-835+08-00-0jpeq4-p68960.jsonl
09-19 16:02:50	qoder-flash	2f9a82ae	75865	1	9574	16829	44675	177216	160387	4505	1039	533	2026-09-20T00-02-50-951+08-00-uqtpeb-p75865.jsonl
09-19 16:02:50	qoder-flash	e125bbc4	75865	0	3844					0	0		2026-09-20T00-02-50-951+08-00-uqtpeb-p75865.jsonl
09-19 16:10:53	qoder-flash	2f9a82ae	77242	1	11976	20085	25511	47341	27256	4618	1078	305	2026-09-20T00-10-53-230+08-00-0j14m4-p77242.jsonl
09-19 16:10:53	qoder-flash	f6078a12	77242	0	6235					0	0		2026-09-20T00-10-53-230+08-00-0j14m4-p77242.jsonl
09-20 16:25:33	qoder-flash	c24df6ce	28334	1	11243	37851	38593	326865	289014	218	30	121919	2026-09-21T00-25-33-870+08-00-mwaxq8-p28334.jsonl
09-20 16:25:33	qoder-flash	12ccc62f	28334	0	5945					0	0		2026-09-21T00-25-33-870+08-00-mwaxq8-p28334.jsonl
09-20 16:31:03	qoder-flash	c24df6ce	36512	1	8665	10477	21566	178237	167760	540	133	3	2026-09-21T00-31-03-541+08-00-puzsb5-p36512.jsonl
09-20 16:31:03	qoder-flash	85a1c2ca	36512	0	3811					0	0		2026-09-21T00-31-03-541+08-00-puzsb5-p36512.jsonl
09-20 16:34:06	qoder-flash	c24df6ce	41294	1	7667	9192	31646	42489	33297	627	180	5	2026-09-21T00-34-06-706+08-00-hz3hl7-p41294.jsonl
09-20 16:34:06	qoder-flash	00cfd332	41294	0	3779					0	0		2026-09-21T00-34-06-706+08-00-hz3hl7-p41294.jsonl
09-21 01:54:40	qoder-flash	895fd5f3	81960	1	10562	23398	23086	71187	47789	0	0		2026-09-21T09-54-40-695+08-00-elo0pa-p81960.jsonl
09-21 01:55:53	qoder-flash	895fd5f3	83384	1	8612	9945	18054	214748	204803	157	30	2	2026-09-21T09-55-53-879+08-00-wcxsrc-p83384.jsonl
09-21 01:55:53	qoder-flash	8d5ad724	83384	0	3458					0	0		2026-09-21T09-55-53-879+08-00-wcxsrc-p83384.jsonl
09-21 01:59:32	qoder-flash	895fd5f3	94900	1	8434	22798	20177	58643	35845	312	153	4	2026-09-21T09-59-32-586+08-00-omhijf-p94900.jsonl
09-21 01:59:32	qoder-flash	9816ba82	94900	0	3571					0	0		2026-09-21T09-59-32-586+08-00-omhijf-p94900.jsonl
09-21 02:04:25	qoder-flash	895fd5f3	33937	1	8497	25295	29271	768944	743649	448	173	234	2026-09-21T10-04-25-036+08-00-dpdzdv-p33937.jsonl
09-21 02:04:25	qoder-flash	2ff03766	33937	0	3534					0	0		2026-09-21T10-04-25-036+08-00-dpdzdv-p33937.jsonl
09-21 02:15:14	qoder-flash	9f15ac05	49498	1	11142	11883	26343	85548	73665	0	0		2026-09-21T10-15-14-309+08-00-g5npam-p49498.jsonl
09-21 02:17:17	qoder-flash	a2bf0764	53190	0	3449					0	0		2026-09-21T10-17-17-559+08-00-rclrtj-p53190.jsonl
09-21 02:17:17	qoder-flash	895fd5f3	53190	1	7470	9080	28950	81766	72686	874	401	4	2026-09-21T10-17-17-559+08-00-rclrtj-p53190.jsonl
09-21 02:21:31	qoder-flash	5ea4f315	56821	0	3630					0	0		2026-09-21T10-21-31-767+08-00-0oyzph-p56821.jsonl
09-21 02:21:31	qoder-flash	9f15ac05	56821	1	7991	8835	136228	180910	172075	49	17	292	2026-09-21T10-21-31-767+08-00-0oyzph-p56821.jsonl
09-21 02:22:25	qoder-flash	895fd5f3	58102	1	5432	6326	22081	30092	23766	901	427	226	2026-09-21T10-22-25-417+08-00-yafhd2-p58102.jsonl
09-21 02:22:25	qoder-flash	9c110a15	58102	0	3439					0	0		2026-09-21T10-22-25-417+08-00-yafhd2-p58102.jsonl
09-21 02:24:34	qoder-flash	9f15ac05	59590	1	7735	8500	23900	110574	102074	134	31	2	2026-09-21T10-24-34-491+08-00-rwea36-p59590.jsonl
09-21 02:24:34	qoder-flash	8890e504	59590	0	3439					0	0		2026-09-21T10-24-34-491+08-00-rwea36-p59590.jsonl
09-21 02:26:26	qoder-flash	396559f4	60514	0	3426					0	0		2026-09-21T10-26-26-989+08-00-odeyfq-p60514.jsonl
09-21 02:26:26	qoder-flash	9f15ac05	60514	1	7977	8747	29173	68571	59824	161	65	2	2026-09-21T10-26-26-989+08-00-odeyfq-p60514.jsonl
09-21 02:27:37	qoder-flash	8443f49c	62285	0	3402					0	0		2026-09-21T10-27-37-436+08-00-hliyhd-p62285.jsonl
09-21 02:27:37	qoder-flash	9f15ac05	62285	1	7998	8725	11628	138688	129963	235	79	2	2026-09-21T10-27-37-436+08-00-hliyhd-p62285.jsonl
09-21 02:29:58	qoder-flash	5780cbca	65477	0	3453					0	0		2026-09-21T10-29-58-059+08-00-xx15im-p65477.jsonl
09-21 02:29:58	qoder-flash	9f15ac05	65477	1	5447	6071	48692	56517	50446	276	117	2	2026-09-21T10-29-58-059+08-00-xx15im-p65477.jsonl
09-21 06:33:12	qoder-flash	14cc9fc6	5194	0	5815					0	0		2026-09-21T14-33-12-917+08-00-cze27a-p5194.jsonl
09-21 06:33:12	qoder-flash	895fd5f3	5194	1	11126	30916	59108	394217	363301	936	437	15017	2026-09-21T14-33-12-917+08-00-cze27a-p5194.jsonl
09-21 08:28:48	qoder-flash	a195e979	69326	0	5859					0	0		2026-09-21T16-28-48-101+08-00-fxm7qu-p69326.jsonl
09-21 08:28:48	qoder-flash	895fd5f3	69326	1	11338	29713	102633	549665	519952	1162	511	6541	2026-09-21T16-28-48-101+08-00-fxm7qu-p69326.jsonl
09-21 09:37:47	qoder-flash	8ecaf190	41489	0	6291					0	0		2026-09-21T17-37-47-092+08-00-yqiom1-p41489.jsonl
09-21 09:37:47	qoder-flash	895fd5f3	41489	1	10440	28978	20136	64181	35203	1430	618	3589	2026-09-21T17-37-47-092+08-00-yqiom1-p41489.jsonl
09-21 09:40:15	qoder-flash	dc7f67fa	44709	0	3457					0	0		2026-09-21T17-40-15-512+08-00-80yf8b-p44709.jsonl
09-21 09:40:15	qoder-flash	895fd5f3	44709	1	9081	24418	23936	50363	25945	1561	638	84	2026-09-21T17-40-15-512+08-00-80yf8b-p44709.jsonl
09-21 10:29:26	qoder-flash	895fd5f3	52030	1	11539	38472	16886	501514	463042	1692	652	2901	2026-09-21T18-29-26-831+08-00-rvv4u2-p52030.jsonl
09-21 10:29:26	qoder-flash	17987d3f	52030	0	6034					0	0		2026-09-21T18-29-26-831+08-00-rvv4u2-p52030.jsonl
09-21 10:45:40	qoder-flash	4f464e9e	63268	0	5887					0	0		2026-09-21T18-45-40-550+08-00-xl4yif-p63268.jsonl
09-21 10:45:40	qoder-flash	895fd5f3	63268	1	11455	32327	21746	3930734	3898407	2084	825	472	2026-09-21T18-45-40-550+08-00-xl4yif-p63268.jsonl
09-21 11:59:46	qoder-flash	7dc2960f	28792	0	5922					0	0		2026-09-21T19-59-46-749+08-00-fijrud-p28792.jsonl
09-21 11:59:46	qoder-flash	895fd5f3	28792	1	11425	41588	48551	3262296	3220708	3824	1601	515	2026-09-21T19-59-46-749+08-00-fijrud-p28792.jsonl
09-22 06:16:54	qoder-flash	895fd5f3	18286	1	11720	23644	14876	3429461	3405817	5366	2277	62565	2026-09-22T14-16-54-447+08-00-mwzitp-p18286.jsonl
09-22 06:16:54	qoder-flash	f89da9bf	18286	0	7077					0	0		2026-09-22T14-16-54-447+08-00-mwzitp-p18286.jsonl
09-22 15:39:42	qoder-flash	33a654ce	41667	0	6344					0	0		2026-09-22T23-39-42-126+08-00-t9m3hp-p41667.jsonl
09-22 15:39:42	qoder-flash	895fd5f3	41667	1	11314	37844	28090	101817	63973	6335	2652	30338	2026-09-22T23-39-42-126+08-00-t9m3hp-p41667.jsonl
09-22 16:08:44	qoder-flash	05137e3b	61364	1	11251	35193	55252	11054785	11019592	0	0		2026-09-23T00-08-44-005+08-00-vaxpn1-p61364.jsonl
09-23 02:00:31	qoder-flash	05137e3b	90157	1	7758	8504	35282	45264	36760	552	180	24452	2026-09-23T10-00-31-128+08-00-kqdr6w-p90157.jsonl
09-23 02:00:31	qoder-flash	08db4ee7	90157	0	5761					0	0		2026-09-23T10-00-31-128+08-00-kqdr6w-p90157.jsonl
09-23 03:30:42	qoder	0d77a101	33429	1	10288	28689				0	0		2026-09-23T11-30-42-119+08-00-gpxhv7-p33429.jsonl
09-23 03:35:58	qoder	0d77a101	37621	1	7733	28049	160258	341428	313379	200	18	317	2026-09-23T11-35-58-878+08-00-xhk82r-p37621.jsonl
09-23 03:35:58	qoder	ad53d9a8	37621	0	3466					0	0		2026-09-23T11-35-58-878+08-00-xhk82r-p37621.jsonl
09-23 03:41:42	qoder-flash	895fd5f3	40533	1	9695	22992	27121	2156320	2133328	6551	2683	43218	2026-09-23T11-41-42-367+08-00-6v1v5c-p40533.jsonl
09-23 03:41:42	qoder-flash	22fd3db0	40533	0	5365					0	0		2026-09-23T11-41-42-367+08-00-6v1v5c-p40533.jsonl
09-23 04:25:32	qoder-flash	895fd5f3	4996	1	10410	22432	147029	2537930	2515498	7868	3292	474	2026-09-23T12-25-32-867+08-00-qtknfg-p4996.jsonl
09-23 04:25:32	qoder-flash	8b364be9	4996	0	5981					0	0		2026-09-23T12-25-32-867+08-00-qtknfg-p4996.jsonl
09-23 07:01:10	qoder-flash	895fd5f3	41975	1	10943	28843	133692	6367180	6338337	9451	3981	6800	2026-09-23T15-01-10-437+08-00-iehr5k-p41975.jsonl
09-23 07:01:10	qoder-flash	bc89775b	41975	0	6404					0	0		2026-09-23T15-01-10-437+08-00-iehr5k-p41975.jsonl
09-23 07:48:28	qoder	ca827212	38636	1	2760	17993	39124			0	0		2026-09-23T15-48-28-397+08-00-rru8w7-p38636.jsonl
09-23 08:06:53	qoder	ca827212	97755	1	7966	8733	41898	52304	43571	633	191	1105	2026-09-23T16-06-53-140+08-00-jff6hq-p97755.jsonl
09-23 08:06:53	qoder	bcca6e6c	97755	0	5971					0	0		2026-09-23T16-06-53-140+08-00-jff6hq-p97755.jsonl
09-23 08:17:45	qoder	f24f1e07	48204	0	3435					0	0		2026-09-23T16-17-45-075+08-00-5wsxi6-p48204.jsonl
09-23 08:17:45	qoder	ca827212	48204	1	7528	23717		171685	147968	667	200	600	2026-09-23T16-17-45-075+08-00-5wsxi6-p48204.jsonl
09-23 08:47:58	qoder-flash	78c6dd0a	50084	0	5748					0	0		2026-09-23T16-47-58-142+08-00-tni5yu-p50084.jsonl
09-23 08:47:58	qoder-flash	895fd5f3	50084	1	7743	9180	32846	43998	34818	11312	4946	41	2026-09-23T16-47-58-142+08-00-tni5yu-p50084.jsonl
09-23 08:50:31	qoder-flash	895fd5f3	51958	1	7685	27301	41113	522290	494989	11391	4955	109	2026-09-23T16-50-31-358+08-00-econ0k-p51958.jsonl
09-23 08:50:31	qoder-flash	160867e9	51958	0	3472					0	0		2026-09-23T16-50-31-358+08-00-econ0k-p51958.jsonl
09-23 09:10:07	qoder-flash	895fd5f3	6456	1	10277	26148	145625	3011074	2984926	11759	5114	654	2026-09-23T17-10-07-835+08-00-d4l5o9-p6456.jsonl
09-23 09:10:07	qoder-flash	da536715	6456	0	5779					0	0		2026-09-23T17-10-07-835+08-00-d4l5o9-p6456.jsonl
09-23 12:31:20	qoder-flash	895fd5f3	52709	1	9850	11589	37147	50532	38943	12496	5340	9061	2026-09-23T20-31-20-269+08-00-3ma0ag-p52709.jsonl
09-23 12:31:20	qoder-flash	e9fee6f9	52709	0	7101					0	0		2026-09-23T20-31-20-269+08-00-3ma0ag-p52709.jsonl
09-23 12:33:54	qoder-flash	895fd5f3	56617	1	8891	40426	104466	4925792	4885366	12526	5349	104	2026-09-23T20-33-54-805+08-00-lup3i1-p56617.jsonl
09-23 12:33:54	qoder-flash	29537bf6	56617	0	3961					0	0		2026-09-23T20-33-54-805+08-00-lup3i1-p56617.jsonl
09-23 14:07:13	qoder-flash	895fd5f3	86048	1	11946	47217	116176	2362698	2315481	13763	5945	673	2026-09-23T22-07-13-614+08-00-5mvlkd-p86048.jsonl
09-23 14:07:13	qoder-flash	74b593ce	86048	0	6957					0	0		2026-09-23T22-07-13-614+08-00-5mvlkd-p86048.jsonl
09-23 15:11:06	qoder-flash	895fd5f3	47977	1	10458	40987	32117	714374	673387	15314	6653	1470	2026-09-23T23-11-06-407+08-00-c3b0zo-p47977.jsonl
09-23 15:11:06	qoder-flash	d31b3df0	47977	0	8161					0	0		2026-09-23T23-11-06-407+08-00-c3b0zo-p47977.jsonl
09-23 15:44:25	qoder-flash	3461b9a0	25604	0	6758					0	0		2026-09-23T23-44-25-494+08-00-f4ymsd-p25604.jsonl
09-23 15:44:25	qoder-flash	895fd5f3	25604	1	9245	10220	131520	156957	146737	15726	6804	1285	2026-09-23T23-44-25-494+08-00-f4ymsd-p25604.jsonl
09-24 00:40:33	qoder-flash	0521ad04	12373	0	6056					0	0		2026-09-24T08-40-33-173+08-00-ehgm9z-p12373.jsonl
09-24 00:40:33	qoder-flash	05137e3b	12373	1	10982	40386				947	189	81557	2026-09-24T08-40-33-173+08-00-ehgm9z-p12373.jsonl
09-24 01:23:40	qoder-flash	05137e3b	19522	1	12758	31058				1107	204	2588	2026-09-24T09-23-40-806+08-00-usn1ja-p19522.jsonl
09-24 01:23:40	qoder-flash	30300f5e	19522	0	6889					0	0		2026-09-24T09-23-40-806+08-00-usn1ja-p19522.jsonl
09-24 01:24:27	qoder-flash	6bc3b2ae	21866	0	3478					0	0		2026-09-24T09-24-27-169+08-00-qvlyn2-p21866.jsonl
09-24 01:24:27	qoder-flash	05137e3b	21866	1	8170	54414				1275	218	46	2026-09-24T09-24-27-169+08-00-qvlyn2-p21866.jsonl
09-24 01:30:47	qoder-flash	caae180c	24724	0	3482					0	0		2026-09-24T09-30-47-132+08-00-3n8bku-p24724.jsonl
09-24 01:30:47	qoder-flash	05137e3b	24724	1	8160	24866				1276	219	380	2026-09-24T09-30-47-132+08-00-3n8bku-p24724.jsonl
09-24 02:00:15	qoder-flash	deb17188	40167	1	11492	32838				0	0		2026-09-24T10-00-15-066+08-00-nbfa4f-p40167.jsonl
09-24 02:01:14	qoder-flash	c5c2035b	41997	1	8481	25827				0	0		2026-09-24T10-01-14-212+08-00-qycoov-p41997.jsonl
09-24 07:06:57	qoder-flash	5084feef	5060	1	10329	26945	96509	332458	305513	0	0		2026-09-24T15-06-57-379+08-00-navbra-p5060.jsonl
09-24 07:12:31	qoder-flash	c1748d9a	10660	0	3464					0	0		2026-09-24T15-12-31-913+08-00-jk3wxe-p10660.jsonl
09-24 07:12:31	qoder-flash	5084feef	10660	1	5455	6164	27658	35689	29525	408	100	2	2026-09-24T15-12-31-913+08-00-jk3wxe-p10660.jsonl
09-24 15:21:19	qoder-flash	5084feef	20399	1	14925	53938	44279	514168	460230	480	109	29292	2026-09-24T23-21-19-282+08-00-i4kod0-p20399.jsonl
09-24 15:21:19	qoder-flash	c75753cd	20399	0	10110					0	0		2026-09-24T23-21-19-282+08-00-i4kod0-p20399.jsonl
09-24 15:29:57	qoder-flash	5084feef	29117	1	6829	7549	38047	48234	40685	929	258	4	2026-09-24T23-29-57-470+08-00-xjcwuz-p29117.jsonl
09-24 15:29:57	qoder-flash	81ea7fe7	29117	0	3835					0	0		2026-09-24T23-29-57-470+08-00-xjcwuz-p29117.jsonl
09-28 13:39:23	qoder-flash	3eaec73a	20658	0	7437					0	0		2026-09-28T21-39-23-624+08-00-8wfyf3-p20658.jsonl
09-28 13:39:23	qoder-flash	5084feef	20658	1	12385	37748	46943	297640	259892	1003	267	338918	2026-09-28T21-39-23-624+08-00-8wfyf3-p20658.jsonl
09-28 14:13:23	qoder	0d77a101	61567	1	3747	28509	54205			472	68	469903	2026-09-28T22-13-23-659+08-00-2crsas-p61567.jsonl
09-28 14:13:23	qoder	ae3638eb	61567	0	1572					0	0		2026-09-28T22-13-23-659+08-00-2crsas-p61567.jsonl
09-28 14:42:08	qoder	0d77a101	19550	1	3484	3749	63454	67716	63967	926	173	1725	2026-09-28T22-42-08-275+08-00-23rnmf-p19550.jsonl
09-28 14:42:08	qoder	a9a06c61	19550	0	1969					0	0		2026-09-28T22-42-08-275+08-00-23rnmf-p19550.jsonl
09-28 14:54:11	qoder-flash	895fd5f3	23804	1	4579	32018	4387	36950	4932	15824	6819	428829	2026-09-28T22-54-11-843+08-00-c1olwg-p23804.jsonl
09-28 14:54:11	qoder-flash	bd677eb9	23804	0	2143					0	0		2026-09-28T22-54-11-843+08-00-c1olwg-p23804.jsonl
