UTC	profile	run	pid	resume	argv_r	cli	sess	idle_s	cache_age_s	win_catalog	ready_ms	ss_end_ms	transport_ms	window_ms	init_ms	stall0_ms	cat_fetch_ms	stall2_ms	model_ms
09-15 12:32:44	qoder	2026-09-15T20-32-44-367+08-00-th3wra-p88334	88334	false	0	1.1.51	33e27ba4			0	10643	10794	7913	393	11187	-2730	2251	549	6746
09-15 16:09:38	qoder	2026-09-16T00-09-38-067+08-00-mm2x2q-p50038	50038	true	1	1.1.51	33e27ba4	12994	13009	0	8167	8437		416	8853				7762
09-15 16:10:11	qoder	2026-09-16T00-10-11-244+08-00-suryw2-p50999	50999	true	1	1.1.51	33e27ba4	15	13040	0	5355	5592		414	6006				8379
09-15 16:13:23	qoder	2026-09-16T00-13-23-879+08-00-9qr2ir-p52674	52674	true	1	1.1.51	a66d198a		13232	0	5359	5868	16076	440	6308	10717	1854	-11974	15210
09-15 16:45:08	qoder	2026-09-16T00-45-08-389+08-00-t67g65-p61286	61286	true	1	1.1.51	33e27ba4	1881	1893	0	8400	9326	9868	370	9696	1468	1432		8914
09-15 16:48:22	qoder	2026-09-16T00-48-22-148+08-00-7ka7m6-p62833	62833	true	1	1.1.51	33e27ba4	173	185	0	5354	5601	13579	383	5984	8225	1211		7752
09-15 16:48:58	qoder	2026-09-16T00-48-58-807+08-00-f7gbye-p63786	63786	true	1	1.1.51	33e27ba4	21		0	5379	5612		389	6001				9835
09-15 16:51:35	qoder	2026-09-16T00-51-35-743+08-00-kncqxz-p64892	64892	true	1	1.1.51	33e27ba4	139	182	0	5369	5920	5355	390	6310	-14	1229		9838
09-15 16:53:11	qoder	2026-09-16T00-53-11-885+08-00-jfyj2t-p66206	66206	false	0	1.1.51	11289898				3385								
09-15 16:54:50	qoder	2026-09-16T00-54-50-351+08-00-1e2kyg-p66744	66744	false	0	1.1.51	17008736		191	0	5380	5586		323	5909				4460
09-15 16:55:11	qoder	2026-09-16T00-55-11-504+08-00-cyquke-p67422	67422	false	0	1.1.51	7d27a6ce		212	0	5347	5453		399	5852				3758
09-15 17:19:37	qoder	2026-09-16T01-19-37-149+08-00-nywlu4-p75579	75579	true	1	1.1.51	33e27ba4	1664	1675	0	1758	1986	19117	56	2042	17359	171		25785
09-16 01:16:46	qoder	2026-09-16T09-16-45-907+08-00-mfmcoi-p7113	7113	true	1	1.1.51	33e27ba4	28600	28610	0	1754	1995	29476	47	2042	27722	174	-27671	29409
09-16 03:58:16	qoder	2026-09-16T11-58-16-217+08-00-5zwy5o-p86715	86715	true	1	1.1.51	33e27ba4	9658	9667	0	8027	8527	14428	379	8906	6401	1591		66076
09-16 06:26:36	qoder	2026-09-16T14-26-36-276+08-00-vr7voq-p8540	8540	false	0	1.1.51	a06547db		8890	0	9017	9181	35573	471	9652	26556	1614		71539
09-16 06:51:52	qoder	2026-09-16T14-51-52-641+08-00-36hprh-p15561	15561	true	1	1.1.51	33e27ba4	10339	1485	0	8684	9016	14399	524	9540	5715	2896		58574
09-16 08:57:48	qoder	2026-09-16T16-57-48-522+08-00-xarzrz-p59909	59909	true	1	1.1.51	33e27ba4	7484	7543	0	7724	8491	33204	446	8937	25480	1484		40021
09-17 07:35:55	qoder	2026-09-17T15-35-55-403+08-00-iq8ljc-p49574	49574	true	1	1.1.51	edf229f2		81457	0	7721	7964	12227	442	8406	4506	1535	-6028	
09-17 10:24:26	qoder	2026-09-17T18-24-26-726+08-00-npi5mb-p15041	15041	false	0	1.1.51	ff16b58d		10103	0	10293	10429		15927	26356				
09-17 17:22:12	qoder	2026-09-18T01-22-12-811+08-00-19rrs6-p30330	30330	false	0	1.1.51	b78305e1		35169	0	8729	8918	17511	360	9278	8782			5710
09-17 17:39:51	qoder	2026-09-18T01-39-51-217+08-00-6ckv1m-p32628	32628	true	1	1.1.51	33e27ba4	117672	36223	1	4040	4309	936178	951501	955810	932138	293	19248	
09-18 02:42:13	qoder	2026-09-18T10-42-13-675+08-00-3pxpci-p57766	57766	false	0	1.1.51	d99536e7		31612	0	10815	10988		372	11360				5186
09-18 02:45:13	qoder	2026-09-18T10-45-13-188+08-00-jbreyw-p59521	59521	false	0	1.1.51	89a732da		31789	0	8276	8418	15933	408	8826	7657			5031
09-18 02:47:00	qoder	2026-09-18T10-47-00-871+08-00-x6jwco-p61008	61008	false	0	1.1.51	be462e6d		31896	0	8336	8492	11697	404	8896	3361	1275	-4620	5530
09-18 02:59:11	qoder	2026-09-18T10-59-11-289+08-00-4ml7hp-p67479	67479	false	0	1.1.51	26c7eac4		723	1	7484	7600	9819	16014	23614	2335	1271		
09-18 04:42:41	qoder	2026-09-18T12-42-41-888+08-00-5fpxub-p13437	13437	false	0	1.1.51	d196fd20		6201	1	3046	3135	9744	12642	15777	6698	112		23144
09-18 07:26:51	qoder	2026-09-18T15-26-51-147+08-00-afb7pc-p62735	62735	true	1	1.1.51	eab47339		9845	1	9946	10190	16259	16153	26343	6313	1417		86017
09-18 07:29:28	qoder	2026-09-18T15-29-28-225+08-00-m81u6r-p64799	64799	true	1	1.1.51	22cbba4a			0	5415	5688		455	6143				18314
09-18 11:36:13	qoder-flash	2026-09-18T19-36-13-823+08-00-bkk8oy-p33334	33334	false	0	1.1.51	2f9a82ae			0	10252	10344	8146	3683	14027	-2106	1456	3780	16573
09-18 11:38:06	qoder-flash	2026-09-18T19-38-06-328+08-00-dt9zu9-p35068	35068	true	1	1.1.51	e7161759		106	0	7504	7714	5349	3437	11151	-2155	1644		15026
09-18 12:02:00	qoder-flash	2026-09-18T20-02-00-573+08-00-oea1yo-p2317	2317	true	1	1.1.51	2f9a82ae	798	834	0	11377	11566	33701	4902	16468	22324	1727		39172
09-18 12:18:36	qoder-flash	2026-09-18T20-18-36-532+08-00-cm41d1-p77818	77818	false	0	1.1.51	ebc2c0ba		969	0	13163	13272		909	14181				12925
09-18 12:24:04	qoder	2026-09-18T20-24-04-734+08-00-kr2ish-p81924	81924	false	0	1.1.51	8697e559		17703	0	11119	11222	8983	916	12138	-2136	3863		11123
09-18 12:25:36	qoder-flash	2026-09-18T20-25-36-187+08-00-mhs0jt-p83645	83645	true	1	1.1.51	ebc2c0ba	390	1383	0	7570	7763		910	8673				8947
09-18 14:51:15	qoder	2026-09-18T22-51-15-075+08-00-gen462-p14201	14201	false	0	1.1.51	64de074e		8825	1	10778	10902	10765	7310	18212	-13	1382	5532	18900
09-19 06:30:27	qoder	2026-09-19T14-30-27-564+08-00-av7p5c-p28705	28705	true	1	1.1.51	33e27ba4	82833	56346	1	10550	10757	10540	13142	23899	-10	1911	11016	44886
09-19 06:32:00	qoder-flash	2026-09-19T14-32-00-793+08-00-yngrra-p30823	30823	false	0	1.1.51	c24df6ce		66571	0	10728	10852	29620	11842	22694	18892	1667		47652
09-19 11:51:56	qoder	2026-09-19T19-51-56-414+08-00-72uqaj-p88918	88918	false	0	1.1.51	0c8afbe4		19279	0	3633	3761	19250	7385	11146	15617	118		
09-19 11:53:53	qoder	2026-09-19T19-53-52-844+08-00-mtqtg8-p90743	90743	true	1	1.1.51	0c8afbe4	116	101	0	9015	9460	22184	8317	17777	13169	1448		
09-19 11:57:31	qoder	2026-09-19T19-57-31-740+08-00-a4gon9-p93796	93796	true	1	1.1.51	3d8fb500		197	0	6138	6887	33251	6691	13578	27113	2267		49335
09-19 11:58:04	qoder	2026-09-19T19-58-04-435+08-00-euqj3u-p94912	94912	true	1	1.1.51	33e27ba4	19566		0	6524	7225		21389	28614				216474
09-19 12:12:22	qoder	2026-09-19T20-12-22-428+08-00-c1xt0k-p2564	2564	true	1	1.1.51	13e61d45		621	0	10455	10700	22829	7591	18291	12374	1647		111865
09-19 12:35:18	qoder	2026-09-19T20-35-18-297+08-00-ymetk2-p7494	7494	true	1	1.1.51	13d2ba3f		1117	0	10821	11094	18638	6863	17957	7817	2725		61041
09-19 12:54:19	qoder	2026-09-19T20-54-19-646+08-00-imuy32-p11670	11670	true	1	1.1.51	0c8afbe4	397	404	0	3356	3605	26123	6261	9866	22767	94		15792
09-19 13:20:32	qoder	2026-09-19T21-20-32-164+08-00-31xv6z-p18514	18514	true	1	1.1.51	5b404745		707	0	3573	3837	22827	6656	10493	19254	203		7609
09-19 13:38:23	qoder	2026-09-19T21-38-23-621+08-00-bj90tc-p22789	22789	true	1	1.1.51	0c8afbe4	670	690	0	3470	3762	22101	6599	10361	18631	178		18548
09-19 14:00:14	qoder	2026-09-19T22-00-14-503+08-00-cw40y2-p28714	28714	true	1	1.1.51	c011d165		572	1	10833	11136	8765	7625	18761	-2068	2785	5736	21550
09-19 14:34:38	qoder-flash	2026-09-19T22-34-38-144+08-00-piozg7-p38823	38823	true	1	1.1.51	9b11178d		28932	0	11377	11636	32621	7443	19079	21244	2562	-16813	69482
09-19 14:41:40	qoder-flash	2026-09-19T22-41-40-049+08-00-oiknwx-p40961	40961	true	1	1.1.51	e1118f4a		270	0	8030	8293	30919	7794	16087	22889	1666		38544
09-19 14:50:32	qoder-flash	2026-09-19T22-50-32-157+08-00-29wuvo-p42838	42838	true	1	1.1.51	da5f8fe0			0	11397	11664	140056	6872	18536	128659	1646		180193
09-19 15:19:13	qoder-flash	2026-09-19T23-19-13-227+08-00-snm2ye-p60784	60784	true	1	1.1.51	71234a0d		146	0	12354	12668	10182	7204	19872	-2172	1670		70303
09-19 15:27:19	qoder-flash	2026-09-19T23-27-19-382+08-00-cg6ito-p64003	64003	true	1	1.1.51	2f9a82ae	283	357	0	8802	9108	28919	7177	16285	20117	1585		108367
09-19 15:51:43	qoder-flash	2026-09-19T23-51-42-835+08-00-0jpeq4-p68960	68960	true	1	1.1.51	d6760e70		120	1	13023	13312	19551	6960	20272	6528	1834		36763
09-19 16:02:51	qoder-flash	2026-09-20T00-02-50-951+08-00-uqtpeb-p75865	75865	true	1	1.1.51	e125bbc4		650	0	9388	9758	25294	6885	16643	15906	1880		44675
09-19 16:10:53	qoder-flash	2026-09-20T00-10-53-230+08-00-0j14m4-p77242	77242	true	1	1.1.51	f6078a12		341	0	11762	12070	8452	7801	19871	-3310	1981		25511
09-20 16:25:34	qoder-flash	2026-09-21T00-25-33-870+08-00-mwaxq8-p28334	28334	true	1	1.1.51	12ccc62f		87275	1	11057	11342	10052	26323	37665	-1005	1662	25342	38593
09-20 16:31:03	qoder-flash	2026-09-21T00-31-03-541+08-00-puzsb5-p36512	36512	true	1	1.1.51	85a1c2ca			0	8504	8819	34286	1497	10316	25782	1750		21566
09-20 16:34:06	qoder-flash	2026-09-21T00-34-06-706+08-00-hz3hl7-p41294	41294	true	1	1.1.51	00cfd332			0	7512	7885		1152	9037				31646
09-21 01:54:40	qoder-flash	2026-09-21T09-54-40-695+08-00-elo0pa-p81960	81960	false	0	1.1.51	895fd5f3		33668	1	10489	10616	18263	12709	23325	7774	1294	3196	23086
09-21 01:55:53	qoder-flash	2026-09-21T09-55-53-879+08-00-wcxsrc-p83384	83384	true	1	1.1.51	8d5ad724			0	8525	8722	133429	1136	9858	124904	1278		18054
09-21 01:59:32	qoder-flash	2026-09-21T09-59-32-586+08-00-omhijf-p94900	94900	true	1	1.1.51	9816ba82			0	8313	8627		14050	22677				20177
09-21 02:04:25	qoder-flash	2026-09-21T10-04-25-036+08-00-dpdzdv-p33937	33937	true	1	1.1.51	2ff03766		379	0	8381	8643	27356	16536	25179	18975	1540		29271
09-21 02:15:14	qoder-flash	2026-09-21T10-15-14-309+08-00-g5npam-p49498	49498	false	0	1.1.51	9f15ac05			0	10794	10871		664	11535				26343
09-21 02:17:17	qoder-flash	2026-09-21T10-17-17-559+08-00-rclrtj-p53190	53190	true	1	1.1.51	895fd5f3	4		0	7395	7637		1368	9005				28950
09-21 02:21:31	qoder-flash	2026-09-21T10-21-31-767+08-00-0oyzph-p56821	56821	true	1	1.1.51	9f15ac05	292	281	0	7869	8050	8928	663	8713	1059	1297		136228
09-21 02:22:25	qoder-flash	2026-09-21T10-22-25-417+08-00-yafhd2-p58102	58102	true	1	1.1.51	9c110a15			0	5355	5674		575	6249				22081
09-21 02:24:34	qoder-flash	2026-09-21T10-24-34-491+08-00-rwea36-p59590	59590	true	1	1.1.51	8890e504			0	7663	7899		529	8428				23900
09-21 02:26:27	qoder-flash	2026-09-21T10-26-26-989+08-00-odeyfq-p60514	60514	true	1	1.1.51	9f15ac05	2	168	0	7903	8080	20124	593	8673	12221	1306		29173
09-21 02:27:37	qoder-flash	2026-09-21T10-27-37-436+08-00-hliyhd-p62285	62285	true	1	1.1.51	9f15ac05	2		0	7926	8156	136724	497	8653	128798	1274		11628
09-21 02:29:58	qoder-flash	2026-09-21T10-29-58-059+08-00-xx15im-p65477	65477	true	1	1.1.51	9f15ac05	2		0	5353	5569		408	5977				48692
09-21 06:33:13	qoder-flash	2026-09-21T14-33-12-917+08-00-cze27a-p5194	5194	true	1	1.1.51	895fd5f3	15017	14603	1	11024	11282	23008	19532	30814	11984	1634		59108
09-21 08:28:48	qoder-flash	2026-09-21T16-28-48-101+08-00-fxm7qu-p69326	69326	true	1	1.1.51	895fd5f3	6541	6557	1	11238	11488	19017	18125	29613	7779	1527		102633
09-21 09:37:47	qoder-flash	2026-09-21T17-37-47-092+08-00-yqiom1-p41489	41489	true	1	1.1.51	895fd5f3	3589	3643	1	10340	10552	23231	18326	28878	12891	2195		20136
09-21 09:40:15	qoder-flash	2026-09-21T17-40-15-512+08-00-80yf8b-p44709	44709	true	1	1.1.51	895fd5f3	84	126	1	9003	9260	16439	15080	24340	7436	3720		23936
09-21 10:29:27	qoder-flash	2026-09-21T18-29-26-831+08-00-rvv4u2-p52030	52030	true	1	1.1.51	17987d3f		2936	1	11348	11653	20201	26628	38281	8853	1211		16886
09-21 10:45:40	qoder-flash	2026-09-21T18-45-40-550+08-00-xl4yif-p63268	63268	true	1	1.1.51	895fd5f3	472	477	1	11298	11597	15343	20573	32170	4045	1312		21746
09-21 11:59:46	qoder-flash	2026-09-21T19-59-46-749+08-00-fijrud-p28792	28792	true	1	1.1.51	895fd5f3	515	594	1	11254	11585	23816	29832	41417	12562	1692		48551
09-22 06:16:54	qoder-flash	2026-09-22T14-16-54-447+08-00-mwzitp-p18286	18286	true	1	1.1.51	f89da9bf		62689	0	11622	11895	8971	11651	23546	-2651	2802		14876
09-22 15:39:42	qoder-flash	2026-09-22T23-39-42-126+08-00-t9m3hp-p41667	41667	true	1	1.1.51	895fd5f3	30338	30523	1	11150	11524	14139	26156	37680	2989	1995	18729	28090
09-22 16:08:44	qoder-flash	2026-09-23T00-08-44-005+08-00-vaxpn1-p61364	61364	false	0	1.1.51	05137e3b		1730	1	11082	11251	14280	23773	35024	3198	1315		55252
09-23 02:00:31	qoder-flash	2026-09-23T10-00-31-128+08-00-kqdr6w-p90157	90157	true	1	1.1.51	08db4ee7		24458	0	7647	8016	25194	377	8393	17547	1164	-18395	35282
09-23 03:30:42	qoder	2026-09-23T11-30-42-119+08-00-gpxhv7-p33429	33429	false	0	1.1.51	0d77a101		306982	1	10174	10267	10169	18308	28575	-5	1190	16816	
09-23 03:35:58	qoder	2026-09-23T11-35-58-878+08-00-xhk82r-p37621	37621	true	1	1.1.51	ad53d9a8		308	1	7636	7876	9717	20076	27952	2081	1266		160258
09-23 03:41:42	qoder-flash	2026-09-23T11-41-42-367+08-00-6v1v5c-p40533	40533	true	1	1.1.51	22fd3db0		6050	1	9624	9904	16804	13017	22921	7180	1438		27121
09-23 04:25:32	qoder-flash	2026-09-23T12-25-32-867+08-00-qtknfg-p4996	4996	true	1	1.1.51	8b364be9		578	1	10301	10574	10282	11749	22323	-19	1118		147029
09-23 07:01:10	qoder-flash	2026-09-23T15-01-10-437+08-00-iehr5k-p41975	41975	true	1	1.1.51	bc89775b		6812	1	10870	11145	15608	17625	28770	4738	1612		133692
09-23 07:48:28	qoder	2026-09-23T15-48-28-397+08-00-rru8w7-p38636	38636	false	0	1.1.51	ca827212		14900	0	2688	2784	22812	15137	17921	20124	152		39124
09-23 08:06:53	qoder	2026-09-23T16-06-53-140+08-00-jff6hq-p97755	97755	true	1	1.1.51	bcca6e6c		368	0	7846	8120	30228	493	8613	22382	2010		41898
09-23 08:17:45	qoder	2026-09-23T16-17-45-075+08-00-5wsxi6-p48204	48204	true	1	1.1.51	ca827212	600	622	1	7453	7693	11140	15949	23642	3687	2218		
09-23 08:47:58	qoder-flash	2026-09-23T16-47-58-142+08-00-tni5yu-p50084	50084	true	1	1.1.51	895fd5f3	41	155	0	7642	8545	34277	534	9079	26635	1464		32846
09-23 08:50:31	qoder-flash	2026-09-23T16-50-31-358+08-00-econ0k-p51958	51958	true	1	1.1.51	160867e9		120	0	7576	7879	30357	19313	27192	22781	1558		41113
09-23 09:10:07	qoder-flash	2026-09-23T17-10-07-835+08-00-d4l5o9-p6456	6456	true	1	1.1.51	da536715		670	1	10178	10486	9173	15563	26049	-1005	1516		145625
09-23 12:31:20	qoder-flash	2026-09-23T20-31-20-269+08-00-3ma0ag-p52709	52709	true	1	1.1.51	e9fee6f9		10148	0	9604	10241	27188	1102	11343	17584	1634		37147
09-23 12:33:55	qoder-flash	2026-09-23T20-33-54-805+08-00-lup3i1-p56617	56617	true	1	1.1.51	29537bf6		129	0	8633	9103	6028	31065	40168	-2605	1622		104466
09-23 14:07:13	qoder-flash	2026-09-23T22-07-13-614+08-00-5mvlkd-p86048	86048	true	1	1.1.51	74b593ce		674	1	11803	12231	25362	34843	47074	13559	2848	17624	116176
09-23 15:11:06	qoder-flash	2026-09-23T23-11-06-407+08-00-c3b0zo-p47977	47977	true	1	1.1.51	d31b3df0		333	1	10272	11402	31914	29399	40801	21642	2107		32117
09-23 15:44:25	qoder-flash	2026-09-23T23-44-25-494+08-00-f4ymsd-p25604	25604	true	1	1.1.51	895fd5f3	1285	1367	0	9075	9550	16502	500	10050	7427	3035		131520
09-24 00:40:33	qoder-flash	2026-09-24T08-40-33-173+08-00-ehgm9z-p12373	12373	true	1	1.1.51	05137e3b	81557	32033	1	10802	11248	14905	28958	40206	4103	1364	22445	
09-24 01:23:40	qoder-flash	2026-09-24T09-23-40-806+08-00-usn1ja-p19522	19522	true	1	1.1.51	30300f5e		2577	1	12646	12877	27790	18069	30946	15144	2023		
09-24 01:24:27	qoder-flash	2026-09-24T09-24-27-169+08-00-qvlyn2-p21866	21866	true	1	1.1.51	05137e3b	46		0	8085	8365		45964	54329				
09-24 01:30:47	qoder-flash	2026-09-24T09-30-47-132+08-00-3n8bku-p24724	24724	true	1	1.1.51	05137e3b	380	399	1	8064	8309	12421	16461	24770	4357	2374		
09-24 02:00:15	qoder-flash	2026-09-24T10-00-15-066+08-00-nbfa4f-p40167	40167	false	0	1.1.51	deb17188		1760	1	11384	11542	11368	21188	32730	-16	3675		
09-24 02:01:14	qoder-flash	2026-09-24T10-01-14-212+08-00-qycoov-p41997	41997	false	0	1.1.51	c5c2035b			0	8327	8456		17217	25673				
09-24 07:06:57	qoder-flash	2026-09-24T15-06-57-379+08-00-navbra-p5060	5060	false	0	1.1.51	5084feef		18393	0	10221	10357	30126	16480	26837	19905	1409		96509
09-24 07:12:32	qoder-flash	2026-09-24T15-12-31-913+08-00-jk3wxe-p10660	10660	true	1	1.1.51	5084feef	2		0	5364	5641		432	6073				27658
09-24 15:21:19	qoder-flash	2026-09-24T23-21-19-282+08-00-i4kod0-p20399	20399	true	1	1.1.55	c75753cd		29400	1	14751	15116	26387	38648	53764	11636	1449	25243	44279
09-24 15:29:57	qoder-flash	2026-09-24T23-29-57-470+08-00-xjcwuz-p29117	29117	true	1	1.1.51	81ea7fe7			0	6657	7003		374	7377				38047
09-28 13:39:23	qoder-flash	2026-09-28T21-39-23-624+08-00-8wfyf3-p20658	20658	true	1	1.1.55	5084feef	338918	338983	1	12239	12612	9494	24990	37602	-2745	1611	24913	46943
09-28 14:13:23	qoder	2026-09-28T22-13-23-659+08-00-2crsas-p61567	61567	true	1	1.1.55	ae3638eb		453325	0	3601	3938	2986	24425	28363	-615	257	25049	54205
09-28 14:42:08	qoder	2026-09-28T22-42-08-275+08-00-23rnmf-p19550	19550	true	1	1.1.51	a9a06c61		401	0	3306	3596	25672	-25	3571	22366	215		63454
09-28 14:54:12	qoder-flash	2026-09-28T22-54-11-843+08-00-c1olwg-p23804	23804	true	1	1.1.55	bd677eb9		4241	1	4397	5054	27473	26782	31836	23076	95	4215	4387
